<?xml version="1.0" encoding="UTF-8"?>
<databaseChangeLog 
	xmlns="http://www.liquibase.org/xml/ns/dbchangelog" 
	xmlns:xsi="http://www.w3.org/2001/XMLSchema-instance" 
	xsi:schemaLocation="http://www.liquibase.org/xml/ns/dbchangelog 
	http://www.liquibase.org/xml/ns/dbchangelog/dbchangelog-3.6.xsd">
<changeSet author="HP" id="_10">
  <sqlFile dbms="oracle" encoding="UTF-8" endDelimiter="/" splitStatements="false"  stripComments="false" 
           path="pat_logical\Relational_1\Oracle_Database_11g\DataObjects\Structure_Type\MDSYS.SDO_GEOMETRY.sql"/>
</changeSet>
<changeSet author="HP" id="_20">
  <sqlFile dbms="oracle" encoding="UTF-8" endDelimiter="/" splitStatements="false"  stripComments="false" 
           path="pat_logical\Relational_1\Oracle_Database_11g\DataObjects\Structure_Type\XMLTYPE.sql"/>
</changeSet>
<changeSet author="HP" id="_30">
  <sqlFile dbms="oracle" encoding="UTF-8" endDelimiter=";" splitStatements="true"  stripComments="false" 
           path="pat_logical\Relational_1\Oracle_Database_11g\DataObjects\Table\Driver.sql"/>
</changeSet>
<changeSet author="HP" id="_40">
  <sqlFile dbms="oracle" encoding="UTF-8" endDelimiter=";" splitStatements="true"  stripComments="false" 
           path="pat_logical\Relational_1\Oracle_Database_11g\DataObjects\Table\Driver_Constraints.sql"/>
</changeSet>
<changeSet author="HP" id="_50">
  <sqlFile dbms="oracle" encoding="UTF-8" endDelimiter=";" splitStatements="true"  stripComments="false" 
           path="pat_logical\Relational_1\Oracle_Database_11g\DataObjects\Table\JobSheet.sql"/>
</changeSet>
<changeSet author="HP" id="_60">
  <sqlFile dbms="oracle" encoding="UTF-8" endDelimiter=";" splitStatements="true"  stripComments="false" 
           path="pat_logical\Relational_1\Oracle_Database_11g\DataObjects\Table\JobSheet_Constraints.sql"/>
</changeSet>
<changeSet author="HP" id="_70">
  <sqlFile dbms="oracle" encoding="UTF-8" endDelimiter=";" splitStatements="true"  stripComments="false" 
           path="pat_logical\Relational_1\Oracle_Database_11g\DataObjects\Table\  Location.sql"/>
</changeSet>
<changeSet author="HP" id="_80">
  <sqlFile dbms="oracle" encoding="UTF-8" endDelimiter=";" splitStatements="true"  stripComments="false" 
           path="pat_logical\Relational_1\Oracle_Database_11g\DataObjects\Table\  Location_Constraints.sql"/>
</changeSet>
<changeSet author="HP" id="_90">
  <sqlFile dbms="oracle" encoding="UTF-8" endDelimiter=";" splitStatements="true"  stripComments="false" 
           path="pat_logical\Relational_1\Oracle_Database_11g\DataObjects\Table\Trip.sql"/>
</changeSet>
<changeSet author="HP" id="_100">
  <sqlFile dbms="oracle" encoding="UTF-8" endDelimiter=";" splitStatements="true"  stripComments="false" 
           path="pat_logical\Relational_1\Oracle_Database_11g\DataObjects\Table\Trip_Constraints.sql"/>
</changeSet>
<changeSet author="HP" id="_110">
  <sqlFile dbms="oracle" encoding="UTF-8" endDelimiter=";" splitStatements="true"  stripComments="false" 
           path="pat_logical\Relational_1\Oracle_Database_11g\DataObjects\Table\Vehicle.sql"/>
</changeSet>
<changeSet author="HP" id="_120">
  <sqlFile dbms="oracle" encoding="UTF-8" endDelimiter=";" splitStatements="true"  stripComments="false" 
           path="pat_logical\Relational_1\Oracle_Database_11g\DataObjects\Table\Vehicle_Constraints.sql"/>
</changeSet>
</databaseChangeLog>
