<?xml version="1.0" encoding="UTF-8"?>
<databaseChangeLog 
	xmlns="http://www.liquibase.org/xml/ns/dbchangelog" 
	xmlns:xsi="http://www.w3.org/2001/XMLSchema-instance" 
	xmlns:n0="http://www.oracle.com/xml/ns/dbchangelog-ext" 
	xsi:schemaLocation="http://www.liquibase.org/xml/ns/dbchangelog 
	http://www.liquibase.org/xml/ns/dbchangelog/dbchangelog-3.6.xsd">
<changeSet author="HP" id="_10">
 <n0:runOracleScript objectName="MDSYS.SDO_GEOMETRY.sql" ownerName="OSDDM-HP" sourceType="FILE" >
   <n0:source><![CDATA[pat_logical\Relational_1\Oracle_Database_11g\DataObjects\Structure_Type\MDSYS.SDO_GEOMETRY.sql]]></n0:source>
 </n0:runOracleScript>
</changeSet>
<changeSet author="HP" id="_20">
 <n0:runOracleScript objectName="XMLTYPE.sql" ownerName="OSDDM-HP" sourceType="FILE" >
   <n0:source><![CDATA[pat_logical\Relational_1\Oracle_Database_11g\DataObjects\Structure_Type\XMLTYPE.sql]]></n0:source>
 </n0:runOracleScript>
</changeSet>
<changeSet author="HP" id="_30">
 <n0:runOracleScript objectName="Driver.sql" ownerName="OSDDM-HP" sourceType="FILE" >
   <n0:source><![CDATA[pat_logical\Relational_1\Oracle_Database_11g\DataObjects\Table\Driver.sql]]></n0:source>
 </n0:runOracleScript>
</changeSet>
<changeSet author="HP" id="_40">
 <n0:runOracleScript objectName="Driver_Constraints.sql" ownerName="OSDDM-HP" sourceType="FILE" >
   <n0:source><![CDATA[pat_logical\Relational_1\Oracle_Database_11g\DataObjects\Table\Driver_Constraints.sql]]></n0:source>
 </n0:runOracleScript>
</changeSet>
<changeSet author="HP" id="_50">
 <n0:runOracleScript objectName="JobSheet.sql" ownerName="OSDDM-HP" sourceType="FILE" >
   <n0:source><![CDATA[pat_logical\Relational_1\Oracle_Database_11g\DataObjects\Table\JobSheet.sql]]></n0:source>
 </n0:runOracleScript>
</changeSet>
<changeSet author="HP" id="_60">
 <n0:runOracleScript objectName="JobSheet_Constraints.sql" ownerName="OSDDM-HP" sourceType="FILE" >
   <n0:source><![CDATA[pat_logical\Relational_1\Oracle_Database_11g\DataObjects\Table\JobSheet_Constraints.sql]]></n0:source>
 </n0:runOracleScript>
</changeSet>
<changeSet author="HP" id="_70">
 <n0:runOracleScript objectName="  Location.sql" ownerName="OSDDM-HP" sourceType="FILE" >
   <n0:source><![CDATA[pat_logical\Relational_1\Oracle_Database_11g\DataObjects\Table\  Location.sql]]></n0:source>
 </n0:runOracleScript>
</changeSet>
<changeSet author="HP" id="_80">
 <n0:runOracleScript objectName="  Location_Constraints.sql" ownerName="OSDDM-HP" sourceType="FILE" >
   <n0:source><![CDATA[pat_logical\Relational_1\Oracle_Database_11g\DataObjects\Table\  Location_Constraints.sql]]></n0:source>
 </n0:runOracleScript>
</changeSet>
<changeSet author="HP" id="_90">
 <n0:runOracleScript objectName="Trip.sql" ownerName="OSDDM-HP" sourceType="FILE" >
   <n0:source><![CDATA[pat_logical\Relational_1\Oracle_Database_11g\DataObjects\Table\Trip.sql]]></n0:source>
 </n0:runOracleScript>
</changeSet>
<changeSet author="HP" id="_100">
 <n0:runOracleScript objectName="Trip_Constraints.sql" ownerName="OSDDM-HP" sourceType="FILE" >
   <n0:source><![CDATA[pat_logical\Relational_1\Oracle_Database_11g\DataObjects\Table\Trip_Constraints.sql]]></n0:source>
 </n0:runOracleScript>
</changeSet>
<changeSet author="HP" id="_110">
 <n0:runOracleScript objectName="Vehicle.sql" ownerName="OSDDM-HP" sourceType="FILE" >
   <n0:source><![CDATA[pat_logical\Relational_1\Oracle_Database_11g\DataObjects\Table\Vehicle.sql]]></n0:source>
 </n0:runOracleScript>
</changeSet>
<changeSet author="HP" id="_120">
 <n0:runOracleScript objectName="Vehicle_Constraints.sql" ownerName="OSDDM-HP" sourceType="FILE" >
   <n0:source><![CDATA[pat_logical\Relational_1\Oracle_Database_11g\DataObjects\Table\Vehicle_Constraints.sql]]></n0:source>
 </n0:runOracleScript>
</changeSet>
</databaseChangeLog>
